id_sortie,titre,date,summit_lat,summit_lon,topo_id,conditions_text,recit_text,temp_max,temp_min,precipitation_mm,snowfall_cm,wind_max_kmh,cloud_cover_%,temp_max_7d_avg,snowfall_7d_sum,topo_orientation,topo_slope_max_deg,topo_difficulty,topo_denivele,text_sentiment,text_sentiment_score,temp_range
181099,Tour du Ferrouilet,2024-04-05,45.2176,6.0295,2644,M√©t√©o/temp√©ratures :&nbsp;<br>Conditions d'acc√®s/altitude du parking :&nbsp;<br>Altitude de chaussage/d√©chaussage : pont de la Becca<br>Conditions pour le ski : excellent! √áa chauffe un peu en face Est mais le vallon sous le rocher de l'homme est excellent.&nbsp;<br><br>Conditions nivo et activit√© avalancheuse : des mini coul√©es au dessus du lac&nbsp;,Itin√©raire suivi : <br>Horaires : <br>Avec le CAF Go&nbsp;,11.9,-1.1,0.0,0.0,10.2,83.0,5.2,457.0999999999999,,,,,,,13.0
181098,"Selle du Puy Gris, Travers√©e T√©pey &gt; Roches",2024-01-27,45.2991,6.1457,364,"M√©t√©o/temp√©ratures :&nbsp;<br>Conditions d'acc√®s/altitude du parking :&nbsp;<br>Altitude de chaussage/d√©chaussage :&nbsp;<br>Conditions pour le ski : vallon des petites roches compl√®tement glac√©, redescente dans celui du tepey lourd au soleil mais glac√© a l'ombre<br><br>Conditions nivo et activit√© avalancheuse : RAS, coul√©e de neige humide en faces S",Itin√©raire suivi : <br>Horaires : ,1.5,-12.4,0.0,0.0,7.6,38.0,-2.2750000000000004,42.0,S,,2.2,1600,,,13.9
181097,Tour de l'aiguille du Chardonnet,2024-04-26,45.9663,7.0118,,"M√©t√©o/temp√©ratures : brouillard √† la fin<br>Conditions d'acc√®s/altitude du parking :&nbsp;<br>Altitude de chaussage/d√©chaussage : d√©chaussage quasi a l'argenti√®re par la piste<br>Conditions pour le ski : okay, lourd √† la fin<br><br>Conditions nivo et activit√© avalancheuse : RAS on se m√©fie un peu dans la descente du glacier des Rognons",Itin√©raire suivi : <br>Horaires : <br>,-9.3,-14.3,1.0,7.0,7.3,100.0,-12.5125,277.9,,,,,,,5.0
180323,Pene Lounque et Pic de Ballonque,2023-12-17,42.9463,0.183266,4424,"M√©t√©o/temp√©ratures : grand bleu, un peu de vent<br>Conditions d'acc√®s/altitude du parking : 1300 m<br>Altitude de chaussage/d√©chaussage : 1400/1400 m<br>Conditions pour le ski : manque de neige jusqu'√† 1600 m, une bonne descente mais c'est vraiment pour s'a√©rer<br><br>Conditions nivo et activit√© avalancheuse : RAS, pas assez de neige pour avoir peur",Itin√©raire suivi :P√®ne Lounque puis descente puis remont√©e rapide pour aller au Pic de Ballonque puis gal√®re pour la descente entre le manque de neige et le manque de pente<br>Horaires : 8h30->12h<br>,6.4,-3.0,0.0,0.0,4.8,0.0,3.35,294.7,,,,,,,9.4
180322,Col des P√™cheurs et Col d'Aoube,2023-11-23,42.9305,0.11278,5429,"M√©t√©o/temp√©ratures : chaud et plut√¥t nuageux<br>Conditions d'acc√®s/altitude du parking : d√©neig√©, 1450 m<br>Altitude de chaussage/d√©chaussage : 1500/1500 m<br>Conditions pour le ski : crout√© ou tr√®s lourd, manque de neige sur le versant lac Bleu pour cacher les cailloux<br><br>Conditions nivo et activit√© avalancheuse : RAS, tr√®s peu de neige","Itin√©raire suivi : De Tournaboup, d'abord le Col des P√™cheurs, gal√®re pour descendre versant lac Bleu. Remont√©e dans la tr√®s lourde au Col d'Aoube puis poussage de baton pour rentrer. Seul au monde.<br>Horaires :8h45 -> 14h15<br>",0.8,-10.5,0.0,0.0,5.4,17.0,3.1874999999999996,163.1,,,,,,,11.3
176717,Epaule d'Autane,2024-04-05,44.6364,6.29561,8998,"M√©t√©o/temp√©ratures : chaud et beau<br>Conditions d'acc√®s/altitude du parking : terrain<br>Altitude de chaussage/d√©chaussage : 100 m√† la sortie du village<br>Conditions pour le ski : √† la mont√©e, certaines pentes S √† l'ombre sont vitrifi√©es. Transfo excellente √† la descente.<br><br>Conditions nivo et activit√© avalancheuse : De vieilles avalanches massives dont une qui a d√©clench√© au dessus du ressaut classique de mont√©e √† 2100 m. Tout l'itin√©raire de mont√©e du ressaut a √©t√© emport√©. Impressionnant et inqui√©tant de voir une avalanche ici.","Itin√©raire suivi : topo<br>Horaires : d√©part village 9h, un peu tard vu la chaleur.<br><div><br></div><div>Joli sortie avec Aur√©lia.</div><div>A la cote 2000 m , nous avons assist√© √† un secours par Choucas05 : une skieuse a zipp√© sur la neige vitrifi√©e et s'est bless√©e √† la cheville. L'h√©lico pos√© en appui patin √©vacue les 4 skieuses.</div><div>On poursuit la mont√©e.</div><div>Descente excellente en transfo √† point !</div><div><br></div>",4.0,-5.7,0.0,0.0,8.5,84.0,-0.04999999999999999,387.1,,,,,,,9.7
175118,"Hohneck, Kastelberg, lac de la Lande, depuis le col de la Schlucht",2024-04-21,,,,"M√©t√©o : Ciel couvert<br>Conditions d'acc√®s/altitude du parking : Route claire, parking du col de la Schlucht<br>Altitude de chaussage/d√©chaussage : 1139m / 1139m<br>Conditions pour le ski : Excellentes, √©paisse couche de neige apr√®s les grosses chutes des derniers jours.<br><br>Conditions nivo et activit√© avalancheuse : N√©ant","Itin√©raire suivi : Depuis le col de la Schlucht, mont√©e au Hohneck, puis sommet du Kastelberg, descente √† l'auberge du Kastelberg, tour du lac de la Lande, remont√©e au Hohneck puis petit Hohneck, retour de nouveau au Hohneck puis retour au col de la Schlucht.<br><div><br></div><div>Horaires :10h20 / 18h25<br></div>",,,,,,,,,,,,,,,
173293,Col de la Bessan√®se depuis le refuge de l'Av√©role,2024-04-13,45.3098,7.1174,,M√©t√©o/temp√©ratures : Bonne condition m√©t√©o avec un froid sec. Temps d√©gag√©<br>Conditions d'acc√®s/altitude du parking : aucun probl√®me<br>Altitude de chaussage/d√©chaussage : 2000<br>Conditions pour le ski : tr√®s bonne<br><br>Conditions nivo et activit√© avalancheuse : manteau neigeux stable,Itin√©raire suivi : <br>Horaires : <br>,5.8,-3.2,0.0,0.0,8.0,44.0,0.75,147.0,,,,,,,9.0
173292,Pi pic de l‚Äô√©tendard pour ne pas perdre la main&nbsp;,2024-07-31,45.1544,6.1438,795,M√©t√©o/temp√©ratures : grand beau et chaud&nbsp;<br>Conditions d'acc√®s/altitude du parking : top<br>Altitude de chaussage/d√©chaussage : 2650<br>Conditions pour le ski : vraiment pas bon s‚Äô√©tait une neige qui a bien subit la fonte et qui √©tait donc tr√®s cannelur√© on voit bien que c‚Äôest pas la saison du ski<br><br>Conditions nivo et activit√© avalancheuse : ras crevasse bien bouch√©&nbsp;,"&nbsp;D√©part du col de la Croix-de-Fer un peu trop tard, vers 8 h. Heureusement que j‚Äôavais un VTT √©lectrique pour monter jusqu‚Äôau deuxi√®me lac. Apr√®s, l‚Äôobjectif √©tait de rattraper le temps perdu, donc t√™te dans les b√¢tons jusqu‚Äôau glacier de Saint-Sorlin o√π je chausse sur une langue de neige rive gauche. Puis j‚Äôai remont√© tout le glacier, sommet √† 11 h, et rebelote √† la descente. C‚Äô√©tait vraiment pas agr√©able en snowboard, j‚Äôavais les jambes en compote en bas. Je me doutais que √ßa ne serait pas la sortie de l‚Äôann√©e, mais √ßa fait plaisir de sortir un premier ao√ªt et √ßa permet de ne pas perdre la main üòâ<div>Pas d√©sagr√©able de faire toute la distance en VTT !!!<br><div><br></div></div>",13.7,2.6,3.9,0.0,10.4,23.0,12.375,0.0,NE,,2.3,1650,,,11.1
173277,Du refuge Salka au refuge Nallo en passant par le Tj√§ktjatj√•kka (1820m),2024-04-05,68.0143,18.3086,8961,"M√©t√©o/temp√©ratures : Froid et vent mais soleil<br>Conditions d'acc√®s/altitude du parking :&nbsp;<br>Altitude de chaussage/d√©chaussage : du debut au fin avec ski<br>Conditions pour le ski : excellent, surtout dans les zones prot√©g√©es du vent. Un plaisir de descendre dans la poudreuse jusqu'au refuge Nallo lui-m√™me. Des pentes id√©ales pour profiter, m√™me si quelques pierres sont apparues sous la colline en direction S en raison du vent fort.&nbsp;<br><br>Conditions nivo et activit√© avalancheuse : Bulletin Risque-Avalanche 3. Surtout versants SW. En effet, lors de la premi√®re descente, S a provoqu√© quelques petits glissements de plaques en formation.","<br>Nous quittons le refuge Salka en direction N le long de la piste Kungsleden, sans nous pr√©cipiter pour permettre de commencer une douce et longue mont√©e vers le NE qui nous laissera dans la vall√©e bien d√©finie qui s'√©l√®ve en direction NE vers un col avant le sommet. Attention car le col se termine dans une plaine puis vers l'E se trouve le pr√©cipice laiss√© par le retrait du glacier. Des rebords √©normes et dangereux peuvent se former ici, surtout dans le brouillard. Donc avant d'atteindre le col, dirigez-vous vers le S puis vers le SE jusqu'au sommet. Lors de cette sortie, avec un vent tr√®s fort, je n'ai pas atteint le sommet et j'ai continu√© la route vers le S o√π apr√®s un sommet nous avons une descente de 30-35¬∫ qui nous am√®ne jusqu'√† un col. Avant le col je me dirige vers l'ouest le long de magnifiques pentes qui nous m√®neront au-dessus du lac le plus haut de Su√®de et en suivant la m√™me direction jusqu'au refuge de Nallo. En raison du Bulletin des Risques d'Avalanche, je n'ai pas choisi l'option plus difficile du versant SW directement du sommet ou du plateau avec des pentes d'environ 45¬∫, peut-√™tre 50¬∫ ou plus √† la sortie.",-18.0,-21.6,0.7,4.9,12.4,83.0,-16.25,73.5,,,,,,,3.6000000000000014
